{
    "format_version": "1.8.0",
    "animations": {
        "animation.universal.character.pinocchio.pose": {
            "loop": true,
            "animation_length": 16.52,
            "bones": {
                "root": {
                    "rotation": [0, 10, 0],
                    "position": [0, 4, 0]
                },
                "rightLeg": {
                    "rotation": [-90, 12.5, 0]
                },
                "leftLeg": {
                    "rotation": [-90, -5, 0]
                },
                "head": {
                    "rotation": {
                        "0.28": [0, 0, 0],
                        "0.4": [0, 1.2358, 0],
                        "0.56": [0, 1.6428, 0],
                        "0.68": [0, 1.85, 0],
                        "2.84": [0, 1.85, 0],
                        "2.96": [1.2358, 0.6142, 0],
                        "3.16": [1.6428, 0.2072, 0],
                        "3.32": [1.85, 0, 0],
                        "6.4": [1.85, 0, 0],
                        "6.52": [2.775, -1.7834, -0.9398],
                        "6.64": [3.0784, -2.3754, -1.258],
                        "6.84": [3.23204, -2.675, -1.41522],
                        "7.48": [3.2338, -2.6714, -1.4134],
                        "7.6": [3.4558, -2.701, -1.0434],
                        "7.68": [3.5298, -2.7084, -0.9176],
                        "7.88": [3.56861, -2.71346, -0.85887],
                        "9.8": [3.5668, -2.7158, -0.8584],
                        "9.92": [0.518, -0.2294, 0.0888],
                        "10.08": [-1.7686, 1.6354, 0.7992],
                        "10.28": [-2.53342, 2.25667, 1.03335],
                        "11.96": [-2.5308, 2.257, 1.036],
                        "12.08": [-2.5308, 1.7982, 1.0656],
                        "12.24": [-2.5308, 1.5688, 1.0804],
                        "12.44": [-2.52846, 1.33364, 1.0912],
                        "14.24": [-2.5308, 1.332, 1.0878],
                        "14.4": [-1.0878, 0.5698, 0.4662],
                        "14.52": [-0.6512, 0.3404, 0.2812],
                        "14.84": [0, 0, 0]
                    }
                },
                "rightArm": {
                    "rotation": [-47.20513, -18.88952, -16.68541],
                    "position": [0, -0.875, 0]
                },
                "leftArm": {
                    "rotation": [-47.20513, 18.88952, 16.68541],
                    "position": [0, -0.5, 0]
                }
            }
        },
        "animation.universal.character.pinocchio.idle": {
            "loop": true,
            "bones": {
                "waist": {
                    "rotation": [0, 0, "math.cos(query.anim_time * 90) * 2"]
                },
                "head": {
                    "rotation": [
                        0,
                        "math.cos(query.anim_time * 20) * 4",
                        "((math.cos((query.anim_time + 0.5) * 90) * 3))"
                    ]
                }
            }
        },
        "animation.universal.character.pinocchio.nose": {
            "loop": true,
            "animation_length": 22.6,
            "bones": {
                "waist": {
                    "rotation": {
                        "0.0": [0, 0, 0],
                        "0.48": [0, 0, 0],
                        "0.72": [0.175, 0, 0],
                        "0.8": [0.525, 0, 0],
                        "0.92": [-0.63, 0, 0],
                        "1.08": [0.105, 0, 0],
                        "1.24": [0, 0, 0],
                        "1.88": [0, 0, 0],
                        "2.0": [1.504, 1.272, 0.112],
                        "2.12": [1.88, 1.588, 0.14],
                        "2.24": [1.976, 1.668, 0.148],
                        "2.4": [2.00549, 1.69352, 0.14844],
                        "3.12": [2.004, 1.692, 0.148],
                        "3.24": [1.404, 0.6, -0.312],
                        "3.32": [-0.756, -3.332, -1.968],
                        "3.44": [-1.716, -5.08, -2.704],
                        "3.56": [-2.036, -5.664, -2.952],
                        "3.72": [-2.19311, -5.95358, -3.07443],
                        "4.52": [-2.192, -5.952, -3.076],
                        "4.68": [0, "-4.1043+math.cos(query.anim_time * 1760) * 10", 0],
                        "5.68": [0.9, 0, 0],
                        "5.76": [0.032, 0, 0],
                        "5.8": [-0.184, 0, 0],
                        "5.88": [-0.4, 0, 0],
                        "6.04": [-0.08, 0, 0],
                        "6.12": [-0.028, 0, 0],
                        "6.2": [0, 0, 0]
                    }
                },
                "head": {
                    "rotation": {
                        "0.0": [0, 0, 0],
                        "0.56": [0, 0, 0],
                        "0.8": [0.4375, 0, 0],
                        "0.88": [1.3125, 0, 0],
                        "1.0": [-1.575, 0, 0],
                        "1.16": [0.2625, 0, 0],
                        "1.32": [0, 0, 0],
                        "1.96": [0, 0, 0],
                        "2.08": [3.76, 3.18, 0.28],
                        "2.2": [4.7, 3.97, 0.35],
                        "2.32": [4.94, 4.17, 0.37],
                        "2.48": [5.01372, 4.2338, 0.37109],
                        "3.2": [5.01, 4.23, 0.37],
                        "3.32": [3.51, 1.5, -0.78],
                        "3.4": [-1.89, -8.33, -4.92],
                        "3.52": [-4.29, -12.7, -6.76],
                        "3.64": [-5.09, -14.16, -7.38],
                        "3.8": [-5.48277, -14.88396, -7.68607],
                        "4.6": [-5.48, -14.88, -7.69],
                        "4.76": [0, "math.cos(query.anim_time * 1760) * 10", 0],
                        "5.76": [2.25, 0, 0],
                        "5.84": [0.08, 0, 0],
                        "5.88": [-0.46, 0, 0],
                        "5.96": [-1, 0, 0],
                        "6.12": [-0.2, 0, 0],
                        "6.2": [-0.07, 0, 0],
                        "6.28": [0, 0, 0]
                    }
                },
                "rightArm": {
                    "rotation": {
                        "0.88": [0, 0, 0],
                        "1.04": [-10.66, 0, 13.34],
                        "1.12": [-13.33, 0, 16.67],
                        "1.2": [-11.54, -0.28, 12.98],
                        "1.28": [-10.65197, -0.4161, 11.12879],
                        "1.4": [-10.66, -0.1, 12.79],
                        "1.48": [-10.66, -0.05, 13.06],
                        "1.64": [-10.66, 0, 13.34],
                        "4.6": [-10.66, 0, 13.34],
                        "4.8": [0, 0, 0]
                    }
                },
                "leftArm": {
                    "rotation": {
                        "0.88": [0, 0, 0],
                        "1.04": [-10.66, 0, -13.34],
                        "1.12": [-13.33, 0, -16.67],
                        "1.2": [-11.54, 0.28, -12.98],
                        "1.28": [-10.65197, 0.4161, -11.12879],
                        "1.4": [-10.66, 0.1, -12.79],
                        "1.48": [-10.66, 0.05, -13.06],
                        "1.64": [-10.66, 0, -13.34],
                        "4.6": [-10.66, 0, -13.34],
                        "4.8": [0, 0, 0]
                    }
                },
                "nose": {
                    "position": {
                        "0.0": [0, 0, 0],
                        "0.16": [0, 0, -0.18],
                        "0.32": [0, 0, -0.53],
                        "0.44": [0, 0, -1.55],
                        "0.64": [0, 0, -3.7],
                        "0.8": [0, 0, -6.16],
                        "0.88": [0, 0, -8],
                        "4.6": [0, 0, -8],
                        "4.76": [0, 0, -7],
                        "5.04": [0, 0, -2.5],
                        "5.32": [0, 0, -0.56],
                        "5.48": [0, 0, -0.24],