{
    "format_version": "1.8.0",
    "animations": {
        "animation.universal.character.shrek.idle": {
            "loop": true,
            "bones": {
                "waist": {
                    "position": [0, "math.cos(query.anim_time * 120) * 0.18", 0]
                },
                "head": {
                    "rotation": ["((math.cos((query.anim_time + 0.87) * 120) * 1.1))", 0, 0],
                    "position": [0, "((math.cos((query.anim_time + 0.47) * 120) * 0.12))", 0]
                },
                "rightArm": {
                    "rotation": [0, 0, "-((math.cos((query.anim_time + 0.77) * 120) * 1)) + 1"],
                    "position": [0, "((math.cos((query.anim_time + 0.27) * 120) * 0.05)) - 0.05", 0]
                },
                "leftArm": {
                    "position": [0, "-math.cos(query.anim_time * 120) * 0.12", 0]
                }
            }
        },
        "animation.universal.character.shrek.idle_face": {
            "loop": true,
            "animation_length": 12,
            "bones": {
                "head": {
                    "rotation": {
                        "0.36": [0, 0, 0],
                        "0.44": [0, -0.4175, 0],
                        "0.48": [0, -1.6675, 0],
                        "0.6": [0, -2.5, 0],
                        "2.44": [0, -2.5, 0],
                        "2.52": [0, -2.605, 0],
                        "2.56": [0, -2.9175, 0],
                        "2.68": [0, -3.125, 0],
                        "3.56": [0, -3.125, 0],
                        "3.64": [0, -3.03, 0],
                        "3.72": [0, -2.68, 0],
                        "3.8": [0, -2.6025, 0],
                        "3.88": [0, -2.5625, 0],
                        "5.64": [0, -2.5625, 0],
                        "5.72": [0, -1.8875, 0],
                        "5.84": [0, -0.2675, 0],
                        "5.96": [0, 0.5425, 0],
                        "6.12": [0, 0.8125, 0],
                        "7.64": [0, 0.8125, 0],
                        "7.92": [0, 0, 0]
                    },
                    "position": {
                        "0.28": [0, 0, 0],
                        "0.36": [0, -0.01539, 0],
                        "0.44": [0, -0.05772, 0],
                        "0.56": [0, 0.02565, 0],
                        "0.68": [0, -0.01283, 0],
                        "0.76": [0, -0.00513, 0],
                        "0.88": [0, 0, 0],
                        "3.56": [0, 0, 0],
                        "3.64": [0, -0.01539, 0],
                        "3.72": [0, -0.05772, 0],
                        "3.84": [0, 0.02565, 0],
                        "3.96": [0, -0.01283, 0],
                        "4.04": [0, -0.00513, 0],
                        "4.16": [0, 0, 0]
                    }
                },
                "rightEyebrow": {
                    "position": {
                        "0.28": [0, 0, 0],
                        "0.36": [0, -0.5, 0],
                        "0.44": [0, -1.575, 0],
                        "0.52": [0, 0.175, 0],
                        "0.6": [0, -0.05, 0],
                        "0.68": [0, -0.02, 0],
                        "0.8": [0, 0, 0],
                        "5.92": [0, 0, 0],
                        "6.0": [0, 0.15, 0],
                        "6.08": [0, -1.575, 0],
                        "6.16": [0, 0.175, 0],
                        "6.24": [0, -0.05, 0],
                        "6.32": [0, -0.02, 0],
                        "6.44": [0, 0, 0]
                    },
                    "scale": {
                        "0.36": [1, 1, 1],
                        "0.44": [1.1, 1.4, 1],
                        "0.52": [1, 1, 1],
                        "6.0": [1, 1, 1],
                        "6.08": [1.1, 1.4, 1],
                        "6.16": [1, 1, 1]
                    }
                },
                "leftEyebrow": {
                    "position": {
                        "0.24": [0, 0, 0],
                        "0.32": [0, -0.5, 0],
                        "0.4": [0, -1.575, 0],
                        "0.48": [0, 0.175, 0],
                        "0.56": [0, -0.05, 0],
                        "0.64": [0, -0.02, 0],
                        "0.76": [0, 0, 0],
                        "5.92": [0, 0, 0],
                        "6.0": [0, 0.25, 0],
                        "6.08": [0, -1.575, 0],
                        "6.16": [0, 0.175, 0],
                        "6.24": [0, -0.05, 0],
                        "6.32": [0, -0.02, 0],
                        "6.44": [0, 0, 0]
                    },
                    "scale": {
                        "0.32": [1, 1, 1],
                        "0.4": [1.1, 1.4, 1],
                        "0.48": [1, 1, 1],
                        "6.0": [1, 1, 1],
                        "6.08": [1.1, 1.4, 1],
                        "6.16": [1, 1, 1]
                    }
                },
                "rightEar": {
                    "rotation": {
                        "0.4": [0, 0, 0],
                        "0.48": [0, 0, -0.6825],
                        "0.6": [0, 0, 0.455],
                        "0.72": [0, 0, 0],
                        "0.88": [0, 0, 0],
                        "3.8": [0, 0, 0],
                        "3.88": [0, 0, -0.6825],
                        "4.0": [0, 0, 0],
                        "6.08": [0, 0, 0],
                        "6.16": [0, 0, -0.6825],
                        "6.28": [0, 0, 0.455],
                        "6.4": [0, 0, 0],
                        "6.56": [0, 0, 0]
                    }
                },
                "leftEar": {
                    "rotation": {
                        "0.4": [0, 0, 0],
                        "0.48": [0, 0, 0.6825],
                        "0.6": [0, 0, -0.455],
                        "0.72": [0, 0, 0],
                        "0.88": [0, 0, 0],
                        "3.8": [0, 0, 0],
                        "3.88": [0, 0, 0.6825],
                        "4.0": [0, 0, 0],
                        "6.08": [0, 0, 0],
                        "6.16": [0, 0, 0.6825],
                        "6.28": [0, 0, -0.455],
                        "6.4": [0, 0, 0],
                        "6.56": [0, 0, 0]
                    }
                }
            }
        },
        "animation.universal.character.shrek.play": {
            "loop": true,
            "animation_length": 22,
            "bones": {
                "shrek": {
                    "rotation": [1.30078, 27.47162, 2.81797],
                    "position": [-4, 0, 0]
                },
                "leftLeg": {
                    "rotation": {
                        "0.0": [0, 20, 20],
                        "0.64": [0, 20, 20],
                        "0.72": [0, 16.3, 18],
                        "0.88": [0, -7.01, 5.4],
                        "1.0": [0, -12.84, 2.25],
                        "1.12": [0, -17, 0],
                        "10.56": [0, -17, 0],
                        "10.64": [0, -13.64, 1.82],
                        "10.84": [0, 9.86, 14.52],
                        "11.08": [0, 15.73, 17.69],
                        "11.2": [0, 20, 20]
                    },
                    "position": {
                        "0.0": [0, 0, -2],
                        "0.64": [0, 0, -2],
                        "0.72": [0.1, 0, -1.78],
                        "0.88": [0.69, 0.6, -0.38],
                        "1.0": [0.84, 0.75, -0.03],
                        "1.12": [0.95, 0, 0.225],
                        "10.56": [0.95, 0, 0.23],
                        "10.64": [0.86, 0, 0.03],
                        "10.84": [0.26, 0.56, -1.39],
                        "11.08": [0.11, 0.7, -1.74],
                        "11.2": [0, 0, -2],
                        "11.32": [0, 0.1, -2],
                        "11.44": [0, 0, -2]
                    }
                },