{
    "format_version": "1.8.0",
    "animations": {
        "animation.universal.npc.swamp_stomp.idle": {
            "loop": true,
            "bones": {
                "waist": {
                    "position": [0, "math.cos(query.anim_time * 120) * 0.15 - 0.15", -0.1]
                },
                "head": {
                    "rotation": ["((math.cos((query.anim_time + 0.87) * 120) * 1))", 0, 0],
                    "position": [0, "((math.cos((query.anim_time + 0.47) * 120) * 0.05))", 0]
                },
                "rightArm": {
                    "rotation": [0, 0, "-((math.cos((query.anim_time + 0.77) * 120) * 1)) + 1"],
                    "position": [0, "((math.cos((query.anim_time + 0.57) * 120) * 0.075))", 0]
                },
                "leftArm": {
                    "rotation": [0, 0, "((math.cos((query.anim_time + 0.77) * 120) * 1)) - 1"],
                    "position": [0, "((math.cos((query.anim_time + 0.57) * 120) * 0.075))", 0]
                }
            }
        },
        "animation.universal.npc.swamp_stomp.idle.head": {
            "loop": true,
            "animation_length": 10.04,
            "bones": {
                "waist": {
                    "rotation": {
                        "0.08": [0, 0, 0],
                        "0.16": [0, 0.39454, 0],
                        "0.24": [0, 0.52448, 0],
                        "0.32": [0, 0.59063, 0],
                        "1.56": [0, 0.59063, 0],
                        "1.64": [0.39454, 0.19609, 0],
                        "1.72": [0.52448, 0.06615, 0],
                        "1.84": [0.59063, 0, 0],
                        "3.6": [0.59063, 0, 0],
                        "3.68": [0.88594, -0.56936, -0.30004],
                        "3.76": [0.9828, -0.75836, -0.40162],
                        "3.84": [1.03185, -0.85401, -0.45182],
                        "4.2": [1.03241, -0.85286, -0.45124],
                        "4.28": [1.10329, -0.86231, -0.33311],
                        "4.36": [1.12691, -0.86467, -0.29295],
                        "4.44": [1.13931, -0.8663, -0.2742],
                        "5.56": [1.13873, -0.86704, -0.27405],
                        "5.64": [0.16538, -0.07324, 0.02835],
                        "5.72": [-0.56464, 0.52211, 0.25515],
                        "5.84": [-0.80881, 0.72045, 0.3299],
                        "6.8": [-0.80798, 0.72056, 0.33075],
                        "6.88": [-0.80798, 0.57409, 0.3402],
                        "6.96": [-0.80798, 0.50085, 0.34493],
                        "7.08": [-0.80723, 0.42578, 0.34837],
                        "8.12": [-0.80798, 0.42525, 0.34729],
                        "8.2": [-0.34729, 0.18191, 0.14884],
                        "8.28": [-0.2079, 0.10868, 0.08978],
                        "8.44": [0, 0, 0]
                    }
                },
                "head": {
                    "rotation": {
                        "0.0": [0, 0, 0],
                        "0.08": [0, 1.2358, 0],
                        "0.16": [0, 1.6428, 0],
                        "0.24": [0, 1.85, 0],
                        "1.48": [0, 1.85, 0],
                        "1.56": [1.2358, 0.6142, 0],
                        "1.64": [1.6428, 0.2072, 0],
                        "1.76": [1.85, 0, 0],
                        "3.52": [1.85, 0, 0],
                        "3.6": [2.775, -1.7834, -0.9398],
                        "3.68": [3.0784, -2.3754, -1.258],
                        "3.76": [3.23204, -2.675, -1.41522],
                        "4.12": [3.2338, -2.6714, -1.4134],
                        "4.2": [3.4558, -2.701, -1.0434],
                        "4.28": [3.5298, -2.7084, -0.9176],
                        "4.36": [3.56861, -2.71346, -0.85887],
                        "5.48": [3.5668, -2.7158, -0.8584],
                        "5.56": [0.518, -0.2294, 0.0888],
                        "5.64": [-1.7686, 1.6354, 0.7992],
                        "5.76": [-2.53342, 2.25667, 1.03335],
                        "6.72": [-2.5308, 2.257, 1.036],
                        "6.8": [-2.5308, 1.7982, 1.0656],
                        "6.88": [-2.5308, 1.5688, 1.0804],
                        "7.0": [-2.52846, 1.33364, 1.0912],
                        "8.04": [-2.5308, 1.332, 1.0878],
                        "8.12": [-1.0878, 0.5698, 0.4662],
                        "8.2": [-0.6512, 0.3404, 0.2812],
                        "8.36": [0, 0, 0]
                    }
                },
                "rightArm": {
                    "rotation": {
                        "0.0": [0, 0, 0],
                        "0.04": [0, 0, 0.7],
                        "0.12": [0, 0, 2.1],
                        "0.2": [0, 0, 3.03],
                        "0.28": [0, 0, 3.5],
                        "1.52": [0, 0, 3.5],
                        "1.64": [0, 0, 2.45],
                        "1.72": [0, 0, 2.22],
                        "1.8": [0, 0, 2.1],
                        "3.56": [0, 0, 2.1],
                        "3.64": [-0.75, 0.02, 2.72],
                        "3.72": [-1.25, 0.03, 3.14],
                        "3.8": [-1.49964, 0.03272, 3.34957],
                        "4.2": [-1.5, 0.03, 3.35],
                        "4.32": [-0.94, 0.02, 2.88],
                        "4.36": [-0.84, 0.02, 2.8],
                        "4.44": [-0.75, 0.02, 2.72],
                        "5.56": [-0.75, 0.02, 2.72],
                        "5.64": [1.5, -0.2, 2.2],
                        "5.72": [3.01, -0.34, 1.86],
                        "5.8": [3.7579, -0.41345, 1.68941],
                        "6.8": [3.76, -0.41, 1.69],
                        "6.92": [2.82, -0.31, 1.79],
                        "7.04": [2.51, -0.27, 1.83],
                        "8.12": [2.51, -0.27, 1.83],
                        "8.24": [0.63, -0.07, 0.46],
                        "8.36": [0.16, -0.02, 0.12],
                        "8.48": [0, 0, 0]
                    }
                },
                "leftArm": {
                    "rotation": {
                        "0.0": [0, 0, 0],
                        "0.04": [0, 0, -0.7],
                        "0.12": [0, 0, -2.1],
                        "0.2": [0, 0, -3.03],
                        "0.28": [0, 0, -3.5],
                        "1.52": [0, 0, -3.5],
                        "1.64": [0, 0, -2.45],
                        "1.72": [0, 0, -2.22],
                        "1.8": [0, 0, -2.1],
                        "3.56": [0, 0, -2.1],
                        "3.64": [-0.75, -0.02, -2.72],
                        "3.72": [-1.25, -0.03, -3.14],
                        "3.8": [-1.49964, -0.03272, -3.34957],
                        "4.2": [-1.5, -0.03, -3.35],
                        "4.32": [-0.94, -0.02, -2.88],
                        "4.36": [-0.84, -0.02, -2.8],
                        "4.44": [-0.75, -0.02, -2.72],
                        "5.56": [-0.75, -0.02, -2.72],
                        "5.64": [1.5, 0.2, -2.2],
                        "5.72": [3.01, 0.34, -1.86],
                        "5.8": [3.7579, 0.41345, -1.68941],
                        "6.8": [3.76, 0.41, -1.69],
                        "6.92": [2.82, 0.31, -1.79],
                        "7.04": [2.51, 0.27, -1.83],
                        "8.12": [2.51, 0.27, -1.83],
                        "8.24": [0.63, 0.07, -0.46],
                        "8.36": [0.16, 0.02, -0.12],
                        "8.48": [0, 0, 0]
                    }
                }
            }
        },
        "animation.universal.npc.swamp_stomp.overhere": {
            "loop": true,
            "animation_length": 12.64,
            "bones": {
                "rightLeg": {
                    "rotation": {
                        "0.48": [0, 0, 0],
                        "0.56": [-1.51, -3.19, 1.16],
                        "0.76": [-10.59472, -22.29711, 8.11003],
                        "2.8": [-10.59, -22.3, 8.11],