{
	"format_version": "1.8.0",
	"animations": {
		"animation.universal.npc.target_practice.pose": {
			"loop": true,
			"bones": {
				"leftLeg": {
					"rotation": [-15, 0, 0],
					"position": [0, 7.59503, -3.32292]
				},
				"head": {
					"rotation": [-10.03742, 4.92385, -0.87038]
				},
				"rightArm": {
					"rotation": [-15.93082, -13.39976, 6.92267],
					"position": [-0.5, -0.11207, -0.54767]
				},
				"leftArm": {
					"rotation": [-145.19913, 26.12189, -93.48323],
					"position": [0.9, -0.27337, -0.33207]
				},
				"stool": {
					"position": [-4, 0, 1]
				},
				"npc": {
					"rotation": [15, 0, 0]
				}
			}
		},
		"animation.universal.npc.target_practice.idle": {
			"loop": true,
			"bones": {
				"waist": {
					"position": [0, "math.cos(query.anim_time * 120) * 0.25", 0]
				},
				"head": {
					"position": [0, "((math.cos((query.anim_time + 0.47) * 120) * 0.1))", 0]
				},
				"rightArm": {
					"rotation": ["((math.cos((query.anim_time + 0.55) * 40) * 3))", 0, 0],
					"position": [0, "((math.cos((query.anim_time + 0.57) * 120) * 0.05))", 0]
				},
				"leftArm": {
					"rotation": [0, 0, "-math.cos(query.anim_time * 120) * 1"]
				}
			}
		},
		"animation.universal.npc.target_practice.idle.head": {
			"loop": true,
			"animation_length": 8.2,
			"bones": {
				"waist": {
					"rotation": {
						"0.0": [0, 0, 0],
						"0.12": [0, 0.376, 0],
						"0.24": [0, 0.468, 0],
						"0.36": [0, 0.5, 0],
						"1.96": [0, 0.5, 0],
						"2.04": [0.026, 0.484, 0],
						"2.12": [0.076, 0.45, 0],
						"2.2": [0.226, 0.35, 0],
						"2.28": [0.264, 0.326, 0],
						"2.4": [0.3, 0.3, 0],
						"3.88": [0.3, 0.3, 0],
						"3.96": [0.276, 0.234, 0],
						"4.0": [0.25, 0.166, 0],
						"4.04": [0.1, -0.234, 0],
						"4.12": [0.034, -0.412, 0],
						"4.2": [0.012, -0.47, 0],
						"4.28": [0, -0.5, 0],
						"5.16": [0, -0.5, 0],
						"5.24": [0, -0.4, 0],
						"5.32": [0, -0.366, 0],
						"5.4": [0, -0.35, 0],
						"6.4": [0, -0.35, 0],
						"6.48": [0, -0.28, 0],
						"6.56": [0, -0.07, 0],
						"6.72": [0, 0, 0],
						"8.2": [0, 0, 0]
					}
				},
				"head": {
					"rotation": {
						"0.04": [0, 0, 0],
						"0.16": [0, 1.88, 0],
						"0.28": [0, 2.34, 0],
						"0.4": [0, 2.5, 0],
						"2.0": [0, 2.5, 0],
						"2.08": [0.13, 2.42, 0],
						"2.16": [0.38, 2.25, 0],
						"2.24": [1.13, 1.75, 0],
						"2.32": [1.32, 1.63, 0],
						"2.44": [1.5, 1.5, 0],
						"3.92": [1.5, 1.5, 0],
						"4.0": [1.38, 1.17, 0],
						"4.04": [1.25, 0.83, 0],
						"4.08": [0.5, -1.17, 0],
						"4.16": [0.17, -2.06, 0],
						"4.24": [0.06, -2.35, 0],
						"4.32": [0, -2.5, 0],
						"5.2": [0, -2.5, 0],
						"5.28": [0, -2, 0],
						"5.36": [0, -1.83, 0],
						"5.44": [0, -1.75, 0],
						"6.44": [0, -1.75, 0],
						"6.52": [0, -1.4, 0],
						"6.6": [0, -0.35, 0],
						"6.76": [0, 0, 0],
						"8.2": [0, 0, 0]
					}
				}
			}
		}
	}
}