{
	"format_version": "1.8.0",
	"animations": {
		"animation.universal.gadget.tumble.first": {
			"loop": "hold_on_last_frame",
			"bones": {
				"lower": {
					"rotation": [69.18942, 60.46778, -65.35427],
					"position": [-0.45503, 25.15521, 2.51407]
				}
			}
		},
		"animation.universal.gadget.tumble.third": {
			"loop": "hold_on_last_frame",
			"bones": {
				"lower": {
					"rotation": [12.5, 0, 0],
					"position": [-0.25, 13.16941, -3.01109],
					"scale": 0.85
				}
			}
		},
		"animation.universal.gadget.tumble.use": {
			"loop": "hold_on_last_frame",
			"animation_length": 1,
			"bones": {
				"1": {
					"rotation": {
						"0.04": [0, 0, 0],
						"0.08": [0, 16.25, 0],
						"0.12": [0, 46.25, 0],
						"0.2": [0, -23.75, 0],
						"0.32": [0, 3.75, 0],
						"0.48": [0, -1.25, 0],
						"0.68": [0, 0, 0]
					}
				},
				"3": {
					"rotation": {
						"0.04": [0, 0, 0],
						"0.08": [0, -16.25, 0],
						"0.2": [0, -46.25, 0],
						"0.36": [0, 23.75, 0],
						"0.48": [0, -3.75, 0],
						"0.64": [0, 1.25, 0],
						"0.84": [0, 0, 0]
					}
				},
				"lower": {
					"rotation": {
						"0.0": [0, 0, 0],
						"0.04": [0, 0, 0],
						"0.08": [5.75, 0, 0],
						"0.16": [-4.5, 0, 0],
						"0.36": [1.4625, 0, 0],
						"0.56": [0.4173, 0, 0],
						"0.72": [0.1404, 0, 0],
						"1.0": [0, 0, 0]
					},
					"position": {
						"0.0": [0, 0, 0],
						"0.04": [0, 0, 0],
						"0.12": [0, 0, 3.9375],
						"0.16": [0, 0, 3.45],
						"0.24": [0, 0, -0.0825],
						"0.36": [0, 0, 0.3],
						"0.52": [0, 0, -0.1125],
						"0.68": [0, 0, 0.1125],
						"0.76": [0, 0, 0.06],
						"0.92": [0, 0, 0]
					},
					"scale": {
						"0.0": [1, 1, 1],
						"0.04": [1, 1, 1],
						"0.12": [1.0375, 1.025, 0.9325],
						"0.2": [1, 1, 1]
					}
				},
				"front": {
					"scale": {
						"0.0": [1, 1, 1],
						"0.04": [0.9143, 0.9143, 1],
						"0.08": [1.04, 1.04, 1],
						"0.12": [1.3239, 1.3239, 1.3],
						"0.2": [1.0476, 1.2476, 1],
						"0.24": [1.0079, 1.0079, 1],
						"0.32": [1.0032, 1.0032, 1],
						"0.36": [1, 1, 1]
					}
				},
				"handle": {
					"rotation": {
						"0.0": [0, 0, 0],
						"0.04": [-27.9, 0, 0],
						"0.08": [-19.0929, 0, 0],
						"0.12": [4.6035, 0, 0],
						"0.16": [21.2505, 0, 0],
						"0.2": [9.4302, 0, 0],
						"0.24": [-3.1155, 0, 0],
						"0.36": [3.29592, 0, 0],
						"0.48": [-2.976, 0, 0],
						"0.56": [-0.9858, 0, 0],
						"0.68": [0, 0, 0]
					}
				},
				"f1": {
					"rotation": {
						"0.04": [0, 0, 0],
						"0.08": [45, 0, 0],
						"0.2": [-52.5, 0, 0],
						"0.28": [-0.83, 0, 0],
						"0.36": [25, 0, 0],
						"0.48": [-4.5, 0, 0],
						"0.68": [0, 0, 0]
					}
				}
			}
		},
		"animation.universal.gadget.tumble.charge_up": {
			"loop": "hold_on_last_frame",
			"animation_length": 60,
			"bones": {
				"1": {
					"rotation": {
						"0.0": [0, 0, 0],
						"2.16": ["math.cos(query.anim_time * 1360) * 1", "math.cos(query.anim_time * 2360) * 0.5", 0]
					}
				},
				"3": {
					"rotation": {
						"0.0": [0, 0, 0],
						"2.16": ["math.cos(query.anim_time * 1360) * 1", "math.cos(query.anim_time * 2360) * 0.5", 0]
					}
				},
				"root": {
					"rotation": {
						"0.0": [0, 0, 0],
						"3.0": ["((math.cos((query.anim_time + 1.7) * 150) * 1))", 0, 0]
					},
					"position": {
						"0.0": [0, 0, 0],
						"0.08": [-0.3647, 0.37622, 0.05291],
						"0.2": [0, "math.cos(query.anim_time * 2550) * 0.06", 0.75],
						"3.0": [0, "math.cos(query.anim_time * 2550) * 0.12", 0.75]
					},
					"scale": {
						"0.0": [1, 1, 1],
						"0.08": [0.9039, 0.9455, 0.9987],
						"0.2": [1.0159, 1.0012, 0.9968],
						"3.0": [1.2, 1.015, 0.96]
					}
				},
				"lower": {
					"rotation": {
						"0.0": [0, 0, 0],
						"3.0": [0, "((math.cos((query.anim_time + 1.7) * 130) * 1))", 0]
					},
					"position": {
						"0.0": [0, 0, 0],
						"3.0": ["math.cos(query.anim_time * 130) * 0.2", "math.cos(query.anim_time * 50) * 0.5", 0]
					}
				},
				"handle": {
					"rotation": {
						"0.0": [0, 0, 0],
						"0.08": [8.5, 0, 0],
						"0.16": [-2.75, 0, 0],
						"0.28": [0.75, 0, 0],
						"0.4": [0, 0, 0]
					}
				},
				"f1": {
					"rotation": {
						"0.0": [0, 0, 0],
						"2.16": ["math.cos(query.anim_time * 2160) * 3", 0, 0]
					}
				}
			}
		}
	}
}