{
	"format_version": "1.8.0",
	"animations": {
		"animation.universal.gadget.tumbleweed.spawn": {
			"loop": "hold_on_last_frame",
			"animation_length": 0.48,
			"bones": {
				"mass": {
					"scale": {
						"0.0": [0, 0, 0],
						"0.12": [0.9, 0.9, 0.9],
						"0.2": [0.95, 0.95, 0.95],
						"0.32": [0.9875, 0.9875, 0.9875],
						"0.4": [0.9958, 0.9958, 0.9958],
						"0.48": [1, 1, 1]
					}
				}
			}
		},
		"animation.universal.gadget.tumbleweed.idle": {
			"loop": true,
			"bones": {
				"mass": {
					"rotation": ["math.mod(query.anim_time * 345, 360)", 0, 0]
				}
			}
		},
		"animation.universal.gadget.tumbleweed.idle.bounce": {
			"loop": true,
			"animation_length": 0.52,
			"bones": {
				"root": {
					"position": {
						"0.0": [0, 0, 0],
						"0.04": [0, 3.2315, 0],
						"0.08": [0, 5.89371, 0],
						"0.12": [0, 7.71326, 0],
						"0.16": [0, 8.63612, 0],
						"0.2": [0, 8.94957, 0],
						"0.24": [0, 9, 0],
						"0.28": [0, 8.80321, 0],
						"0.32": [0, 8.31452, 0],
						"0.36": [0, 7.5991, 0],
						"0.4": [0, 6.6631, 0],
						"0.44": [0, 5.46199, 0],
						"0.48": [0, 3.83704, 0],
						"0.52": [0, 0, 0]
					},
					"scale": {
						"0.0": [1.095, 0.7, 1],
						"0.08": [1, 0.9333, 1],
						"0.24": [1, 1, 1],
						"0.48": [1, 1, 1],
						"0.52": [1, 0.8, 1]
					}
				}
			}
		}
	}
}