{
	"format_version": "1.8.0",
	"animations": {
		"animation.universal.gadget.snow.first": {
			"loop": "hold_on_last_frame",
			"animation_length": 3,
			"bones": {
				"root": {
					"rotation": [69.18942, 60.46778, -65.35427],
					"position": [-0.45503, 25.15521, 2.51407]
				}
			}
		},
		"animation.universal.gadget.snow.third": {
			"loop": "hold_on_last_frame",
			"bones": {
				"root": {
					"rotation": [12.5, 0, 0],
					"position": [-0.25, 13.16941, -3.01109],
					"scale": 0.85
				}
			}
		},
		"animation.universal.gadget.snow.charge": {
			"loop": "hold_on_last_frame",
			"animation_length": 60,
			"bones": {
				"root": {
					"rotation": {
						"0.0": [0, 0, 0],
						"3.0": ["((math.cos((query.anim_time + 1.7) * 150) * 1))", 0, 0]
					},
					"position": {
						"0.0": [0, 0, 0],
						"0.08": [-0.3647, 0.37622, 0.05291],
						"0.2": [0, "math.cos(query.anim_time * 2550) * 0.06", 0.75],
						"3.0": [0, "math.cos(query.anim_time * 2550) * 0.12", 0.75]
					},
					"scale": {
						"0.0": [1, 1, 1],
						"0.08": [0.9039, 0.9455, 0.9987],
						"0.2": [1.0159, 1.0012, 0.9968],
						"3.0": [1.2, 1.015, 0.96]
					}
				},
				"lower": {
					"rotation": {
						"0.0": [0, 0, 0],
						"3.0": [0, "((math.cos((query.anim_time + 1.7) * 130) * 1))", 0]
					},
					"position": {
						"0.0": [0, 0, 0],
						"3.0": ["math.cos(query.anim_time * 130) * 0.2", "math.cos(query.anim_time * 50) * 0.5", 0]
					}
				},
				"snow1": {
					"position": {
						"0.04": [0, 0, 0],
						"0.12": [0.00577, 0.37461, 0.0161],
						"0.2": [-0.0097, -0.62435, -0.02689],
						"1.64": [-0.00393, "-0.2498+math.cos(query.anim_time * 1575) * 0.07", -0.00888]
					}
				},
				"snow2": {
					"position": {
						"0.08": [0, 0, 0],
						"0.16": [0.00577, 0.37461, 0.0161],
						"0.24": [-0.0097, -0.62435, -0.02689],
						"1.68": [0, "math.cos(query.anim_time * 1540) * 0.07", 0]
					}
				},
				"snow3": {
					"position": {
						"0.0": [0, 0, 0],
						"0.08": [0.00577, 0.37461, 0.0161],
						"0.16": [-0.0097, -0.62435, -0.02689],
						"1.6": [0, "math.cos(query.anim_time * 1550) * 0.1", 0]
					}
				},
				"handle": {
					"rotation": {
						"0.0": [0, 0, 0],
						"0.08": [8.5, 0, 0],
						"0.16": [-2.75, 0, 0],
						"0.28": [0.75, 0, 0],
						"0.4": [0, 0, 0]
					}
				}
			}
		},
		"animation.universal.gadget.snow.use": {
			"loop": "hold_on_last_frame",
			"animation_length": 1.04,
			"bones": {
				"lower": {
					"rotation": {
						"0.0": [0, 0, 0],
						"0.04": [0, 0, 0],
						"0.08": [5.75, 0, 0],
						"0.16": [-4.5, 0, 0],
						"0.36": [1.4625, 0, 0],
						"0.56": [0.4173, 0, 0],
						"0.72": [0.1404, 0, 0],
						"1.0": [0, 0, 0]
					},
					"position": {
						"0.0": [0, 0, 0],
						"0.04": [0, 0, 0],
						"0.12": [0, 0, 3.9375],
						"0.16": [0, 0, 3.45],
						"0.24": [0, 0, -0.0825],
						"0.36": [0, 0, 0.3],
						"0.52": [0, 0, -0.1125],
						"0.68": [0, 0, 0.1125],
						"0.76": [0, 0, 0.06],
						"0.92": [0, 0, 0]
					},
					"scale": {
						"0.0": [1, 1, 1],
						"0.04": [1, 1, 1],
						"0.12": [1.0375, 1.025, 0.9325],
						"0.2": [1, 1, 1]
					}
				},
				"snow": {
					"position": {
						"0.0": [0, 0, 0],
						"0.08": [-0.00934, -0.59745, -0.05445],
						"0.12": [-0.00689, -0.50002, -0.05971],
						"0.72": [-0.01, -0.5, -0.06],
						"0.8": [0.00156, 0.09998, -0.00077],
						"0.88": [-0.00078, -0.04999, 0.00042],
						"0.96": [0, 0, 0]
					}
				},
				"snow1": {
					"position": {
						"0.04": [0, 0, 0],
						"0.08": [-0.01946, -1.2487, -0.0536],
						"0.12": [-0.04358, -2.73444, -0.2642],
						"0.72": [-0.04, -2.73, -0.26],
						"0.8": [0.00272, 0.1748, 0.00781],
						"0.88": [-0.00117, -0.07492, -0.00329],
						"0.96": [0, 0, 0]
					}
				},
				"snow2": {
					"position": {
						"0.04": [0, 0, 0],
						"0.08": [-0.01946, -1.2487, -0.0536],
						"0.12": [-0.04358, -2.73444, -0.2642],
						"0.68": [-0.04, -2.73, -0.26],
						"0.76": [0.00272, 0.1748, 0.00781],
						"0.84": [-0.00117, -0.07492, -0.00329],
						"0.92": [0, 0, 0]
					}
				},
				"snow3": {
					"position": {
						"0.0": [0, 0, 0],
						"0.04": [-0.01946, -1.2487, -0.0536],
						"0.08": [-0.04358, -2.73444, -0.2642],
						"0.8": [-0.04, -2.73, -0.26],
						"0.88": [0.00272, 0.1748, 0.00781],
						"0.96": [-0.00117, -0.07492, -0.00329],
						"1.04": [0, 0, 0]
					}
				},
				"front": {
					"scale": {
						"0.0": [1, 1, 1],
						"0.04": [0.9143, 0.9143, 1],
						"0.08": [1.04, 1.04, 1],
						"0.12": [1.3239, 1.3239, 1.3],
						"0.2": [1.0476, 1.2476, 1],
						"0.24": [1.0079, 1.0079, 1],
						"0.32": [1.0032, 1.0032, 1],
						"0.36": [1, 1, 1]
					}
				},
				"handle": {
					"rotation": {
						"0.0": [0, 0, 0],
						"0.04": [-27.9, 0, 0],
						"0.08": [-19.0929, 0, 0],
						"0.12": [4.6035, 0, 0],
						"0.16": [21.2505, 0, 0],
						"0.2": [9.4302, 0, 0],
						"0.24": [-3.1155, 0, 0],
						"0.36": [3.29592, 0, 0],
						"0.48": [-2.976, 0, 0],
						"0.56": [-0.9858, 0, 0],
						"0.68": [0, 0, 0]
					}
				},
				"snow4": {
					"rotation": {
						"0.08": [0, 0, 0],
						"0.12": [0, 0, 5],
						"0.2": [0, 0, -25],
						"0.4": [0, 0, 2.5],
						"0.52": [0, 0, -1],
						"0.64": [0, 0, 0]
					}
				}
			}
		},
		"animation.universal.gadget.snow.charge_up": {
			"loop": "hold_on_last_frame",
			"animation_length": 60,
			"bones": {
				"root": {
					"rotation": {
						"0.0": [0, 0, 0],
						"3.0": ["((math.cos((query.anim_time + 1.7) * 150) * 1))", 0, 0]
					},
					"position": {
						"0.0": [0, 0, 0],
						"0.08": [-0.3647, 0.37622, 0.05291],
						"0.2": [0, "math.cos(query.anim_time * 2550) * 0.06", 0.75],
						"3.0": [0, "math.cos(query.anim_time * 2550) * 0.12", 0.75]
					},
					"scale": {
						"0.0": [1, 1, 1],
						"0.08": [0.9039, 0.9455, 0.9987],
						"0.2": [1.0159, 1.0012, 0.9968],
						"3.0": [1.2, 1.015, 0.96]
					}
				},
				"lower": {
					"rotation": {
						"0.0": [0, 0, 0],
						"3.0": [0, "((math.cos((query.anim_time + 1.7) * 130) * 1))", 0]
					},
					"position": {
						"0.0": [0, 0, 0],
						"3.0": ["math.cos(query.anim_time * 130) * 0.2", "math.cos(query.anim_time * 50) * 0.5", 0]
					}
				},
				"snow1": {
					"position": {
						"0.04": [0, 0, 0],
						"0.12": [0.00577, 0.37461, 0.0161],
						"0.2": [-0.0097, -0.62435, -0.02689],
						"1.64": [-0.00393, "-0.2498+math.cos(query.anim_time * 1575) * 0.07", -0.00888]
					}
				},
				"snow2": {
					"position": {
						"0.08": [0, 0, 0],
						"0.16": [0.00577, 0.37461, 0.0161],
						"0.24": [-0.0097, -0.62435, -0.02689],
						"1.68": [0, "math.cos(query.anim_time * 1540) * 0.07", 0]
					}
				},
				"snow3": {
					"position": {
						"0.0": [0, 0, 0],
						"0.08": [0.00577, 0.37461, 0.0161],
						"0.16": [-0.0097, -0.62435, -0.02689],
						"1.6": [0, "math.cos(query.anim_time * 1550) * 0.1", 0]
					}
				},
				"handle": {
					"rotation": {
						"0.0": [0, 0, 0],
						"0.08": [8.5, 0, 0],
						"0.16": [-2.75, 0, 0],
						"0.28": [0.75, 0, 0],
						"0.4": [0, 0, 0]
					}
				}
			}
		}
	}
}