{
	"format_version": "1.8.0",
	"animations": {
		"animation.universal.director_says.camera.first": {
			"loop": "hold_on_last_frame",
			"animation_length": 0.24,
			"bones": {
				"root": {
					"rotation": [87.6719, 61.06539, -50.01611],
					"position": [-3.42, 24.66, 0.84]
				},
				"lens": {
					"position": [2.5, 0, -1]
				}
			}
		},
		"animation.universal.director_says.camera.use": {
			"loop": "hold_on_last_frame",
			"animation_length": 1.4,
			"bones": {
				"1": {
					"scale": {
						"0.12": [1, 7, 1],
						"0.2": [1, 3.3, 1],
						"0.24": [1, 1, 1],
						"0.6": [1, 0, 1]
					}
				},
				"2": {
					"scale": {
						"0.16": [1, 1, 1],
						"0.6": [0, 1, 1]
					}
				},
				"3": {
					"scale": {
						"0.16": [1, 1, 1],
						"0.2": [2.8667, 1, 1],
						"0.24": [0.8, 1, 1],
						"0.6": [0, 1, 1]
					}
				},
				"4": {
					"scale": {
						"0.12": [1, 1, 1],
						"0.6": [1, 0, 1]
					}
				},
				"item": {
					"rotation": {
						"0.12": [0, 0, 0],
						"0.16": [3.5, 0, 0],
						"0.2": [-1.29, 0, 0],
						"0.28": [-3.46, 0, 0],
						"0.44": [-3.89, 0, 0],
						"0.64": [-3.98, 0, 0],
						"0.84": [-3.98, 0, 0],
						"0.88": [-3.08, 0, 0],
						"0.96": [-0.03, 0, 0],
						"1.04": [1.2, 0, 0],
						"1.12": [0.4, 0, 0],
						"1.2": [0.13, 0, 0],
						"1.28": [0, 0, 0]
					},
					"position": {
						"0.12": [0, 0, 0],
						"0.16": [0, -1.1, 0],
						"0.2": [0, 0.05, 0.67],
						"0.28": [0, 0.23, 0.91],
						"0.44": [0, 0.27, 0.96],
						"0.64": [0, 0.28, 0.97],
						"0.84": [0, 0.28, 0.97],
						"0.88": [0, 0.23, 0.83],
						"0.96": [0, -0.06, 0.49],
						"1.04": [0, -0.16, 0.26],
						"1.12": [0, -0.05, 0.09],
						"1.2": [0, -0.02, 0.03],
						"1.28": [0, 0, 0]
					}
				},
				"lens": {
					"scale": {
						"0.16": [1, 1, 1],
						"0.2": [1.0775, 1.3, 1],
						"0.32": [1, 0.965, 1],
						"0.44": [1, 1, 1]
					}
				},
				"button": {
					"position": {
						"0.0": [0, 0, 0],
						"0.04": [0, -0.9, 0],
						"0.08": [0, -0.8, 0],
						"1.04": [0, -0.8, 0],
						"1.08": [0, -0.64, 0],
						"1.12": [0, 0, 0],
						"1.2": [0, -0.05, 0],
						"1.24": [0, -0.02, 0],
						"1.32": [0, 0, 0]
					}
				},
				"flash": {
					"position": [0, 0, 1],
					"scale": {
						"0.12": [0, 0, 1],
						"0.16": [0.1, 0.1, 1],
						"0.24": [1, 1, 1],
						"0.28": [1.9148, 1.9148, 1],
						"0.4": [2.1716, 2.1716, 1],
						"0.52": [2.2429, 2.2429, 1],
						"0.64": [2.2715, 2.2715, 1],
						"0.8": [2.3, 2.3, 1]
					}
				}
			}
		},
		"animation.universal.director_says.camera.third": {
			"loop": true,
			"bones": {
				"root": {
					"rotation": [89.5, 0, 0],
					"position": [0, 22.48391, -3.02224],
					"scale": 0.65
				},
				"flash": {
					"position": [0, -2, 0],
					"scale": 0
				}
			}
		}
	}
}