{
	"format_version": "1.8.0",
	"animations": {
		"animation.universal.director_says.fire_extinguisher.first": {
			"loop": true,
			"bones": {
				"root": {
					"rotation": [54.5531, 57.1913, -80.91264],
					"position": [0.1542, 27.0525, 3.52853]
				},
				"item": {
					"rotation": [0, 5, 0]
				}
			}
		},
		"animation.universal.director_says.fire_extinguisher.third": {
			"loop": true,
			"bones": {
				"root": {
					"rotation": [17.5, 0, 0],
					"position": [0, 9.75, -1],
					"scale": 0.85
				}
			}
		},
		"animation.universal.director_says.fire_extinguisher.use": {
			"loop": "hold_on_last_frame",
			"animation_length": 30,
			"bones": {
				"root": {
					"rotation": {
						"0.08": [0, 0, 0],
						"3.08": ["((math.cos((query.anim_time + 1.7) * 150) * 3))", 0, 0]
					},
					"position": {
						"0.08": [0, 0, 0],
						"0.16": [-0.3647, 0.37622, 0.05291],
						"0.28": [0, "math.cos(query.anim_time * 2550) * 0.06", 0.75],
						"3.08": [0, "math.cos(query.anim_time * 2550) * 0.12", 0.75]
					},
					"scale": {
						"0.08": [1, 1, 1],
						"0.16": [0.9039, 0.9455, 0.9987],
						"0.28": [1.0159, 1.0012, 0.9968],
						"3.08": [1.2, 1.015, 0.96]
					}
				},
				"item": {
					"rotation": {
						"0.0": [0, 0, 0],
						"0.04": [0, 0, 0],
						"0.12": [2.87, 0, 0],
						"0.16": [5.75, 0, 0],
						"0.24": [-4.5, 0, 0],
						"0.44": [1.4625, 0, 0],
						"0.64": [0.4173, 0, 0],
						"0.8": [0.1404, 0, 0],
						"1.08": [0, 0, 0]
					},
					"position": {
						"0.0": [0, 0, 0],
						"0.04": [0, 0, 0],
						"0.12": [0, 0, 0.49],
						"0.2": [0, 0, 1.45688],
						"0.24": [0, 0, 1.2765],
						"0.32": [0, 0, -0.03052],
						"0.44": [0, 0, 0.111],
						"0.6": [0, 0, -0.04162],
						"0.76": [0, 0, 0.04163],
						"0.84": [0, 0, 0.0222],
						"1.0": [0, 0, 0]
					},
					"scale": {
						"0.0": [1, 1, 1],
						"0.04": [1, 1, 1],
						"0.12": [1.0125, 1.0083, 0.9775],
						"0.2": [1.0375, 1.025, 0.9325],
						"0.28": [1, 1, 1]
					}
				},
				"trigger": {
					"rotation": {
						"0.0": [0, 0, 0],
						"0.08": [-30, 0, 0],
						"0.12": [-30, 0, 0],
						"0.28": [-27.5, 0, 0],
						"0.48": [-29, 0, 0],
						"0.6": [-29, 0, 0]
					}
				},
				"hose": {
					"rotation": {
						"0.16": [0, 0, 0],
						"0.2": [10, 0, 0],
						"0.32": [-8.5, 0, 0],
						"0.4": [0, 0, 0],
						"0.44": [7.11257, 0.12884, 0],
						"0.6": ["math.cos(query.anim_time * 1560) * 0.8", "math.cos(query.anim_time * 1660) * 0.4", "math.cos(query.anim_time * 1060) * 0.3"]
					},
					"position": {
						"0.0": [0, 0, 0],
						"0.16": [0, 0, 0],
						"0.24": [0.75, 0, 0]
					}
				},
				"nozzle": {
					"rotation": {
						"0.16": [0, 0, 0],
						"0.6": ["math.cos(query.anim_time * 1260) * 2", "math.cos(query.anim_time * 1460) * 3", 0]
					},
					"scale": {
						"0.08": [1, 1, 1],
						"0.12": [0.9143, 0.9143, 1],
						"0.16": [1.74, 1.54, 1],
						"0.2": [2.1239, 2.3239, 1.3],
						"0.28": [1.0476, 1.2476, 1],
						"0.32": [1.0079, 1.0079, 1],
						"0.4": [1.0032, 1.0032, 1],
						"0.44": [1, 1, 1]
					}
				}
			}
		},
		"animation.universal.director_says.fire_extinguisher.use.stop": {
			"loop": "hold_on_last_frame",
			"animation_length": 0.48,
			"bones": {
				"root": {
					"rotation": {
						"0.0": [-10, 0, 0],
						"0.12": [3, 0, 0],
						"0.24": [0.75, 0, 0],
						"0.32": [0.25, 0, 0],
						"0.4": [0, 0, 0]
					},
					"position": {
						"0.0": [0, 0, 0],
						"0.04": [0, -0.75, 0],
						"0.08": [0, -1.5, 0],
						"0.2": [0, 0.125, 0],
						"0.24": [0, 0.06, 0],
						"0.32": [0, 0.02, 0],
						"0.4": [0, 0, 0]
					}
				},
				"trigger": {
					"rotation": {
						"0.04": [-29, 0, 0],
						"0.12": [8.5, 0, 0],
						"0.2": [13.75, 0, 0],
						"0.32": [-4, 0, 0],
						"0.4": [-1, 0, 0],
						"0.48": [0, 0, 0]
					}
				},
				"hose": {
					"rotation": {
						"0.0": [0, 0, 0],
						"0.08": [-5, 0, 0],
						"0.2": [2.5, 0, 0],
						"0.32": [-0.75, 0, 0],
						"0.48": [0, 0, 0]
					},
					"position": {
						"0.0": [0.75, 0, 0],
						"0.08": [0, 0, 0]
					}
				},
				"nozzle": {
					"scale": {
						"0.0": [0.8, 0.8, 1],
						"0.12": [1, 1, 1]
					}
				}
			}
		}
	}
}