{
	"format_version": "1.8.0",
	"animations": {
		"animation.universal.tram_tour.shrek_entrance.open": {
			"loop": "hold_on_last_frame",
			"animation_length": 9.8,
			"bones": {
				"bollards": {
					"position": {
						"4.0": [0, 0, 0],
						"4.08": [0, -1, 0],
						"4.16": [0, -0.83, 0],
						"4.28": [0, -0.83, 0],
						"4.4": [0, -1.67, 0],
						"4.52": [0, -3.35, 0],
						"5.32": [0, -21, 0],
						"5.44": [0, -20.8, 0],
						"5.52": [0, -21, 0]
					}
				},
				"barrier1Arm": {
					"rotation": {
						"0.0": [0, 0, 0],
						"0.12": [-2.25, 0, 0],
						"0.2": [-1.5, 0, 0],
						"0.32": [-1.87, 0, 0],
						"0.4": [-1.75, 0, 0],
						"0.48": [-1.81, 0, 0],
						"0.68": [-5.11, 0, 0],
						"3.12": [-90, 0, 0],
						"3.2": [-89.45, 0, 0],
						"3.28": [-89.18, 0, 0],
						"3.36": [-89.45, 0, 0],
						"3.44": [-90, 0, 0],
						"3.52": [-89.72, 0, 0],
						"3.6": [-90, 0, 0],
						"3.68": [-89.86, 0, 0],
						"3.76": [-90, 0, 0],
						"3.84": [-89.93, 0, 0],
						"3.92": [-90, 0, 0]
					}
				},
				"barrier1Arm2": {
					"rotation": {
						"0.12": [0, 0, 0],
						"0.24": [-2.25, 0, 0],
						"0.32": [-1.5, 0, 0],
						"0.44": [-1.87, 0, 0],
						"0.52": [-1.75, 0, 0],
						"0.6": [-1.81, 0, 0],
						"0.8": [-5.11, 0, 0],
						"3.32": [-90, 0, 0],
						"3.4": [-89.45, 0, 0],
						"3.48": [-89.18, 0, 0],
						"3.56": [-89.45, 0, 0],
						"3.64": [-90, 0, 0],
						"3.72": [-89.72, 0, 0],
						"3.8": [-90, 0, 0],
						"3.88": [-89.86, 0, 0],
						"3.96": [-90, 0, 0],
						"4.04": [-89.93, 0, 0],
						"4.12": [-90, 0, 0]
					}
				},
				"leftDoor": {
					"rotation": {
						"5.56": [0, 0, 0],
						"5.96": [0, -1.22594, 0],
						"6.32": [0, -4.04159, 0],
						"6.6": [0, -7.87445, 0],
						"6.8": [0, -12.70907, 0],
						"7.04": [0, -19.23641, 0],
						"7.28": [0, -27.67506, 0],
						"7.72": [0, -47.39346, 0],
						"8.0": [0, -59.5676, 0],
						"8.2": [0, -67.38592, 0],
						"8.44": [0, -74.71808, 0],
						"8.68": [0, -80.89945, 0],
						"9.04": [0, -85.95841, 0],
						"9.48": [0, -89.27303, 0],
						"9.8": [0, -90, 0]
					}
				},
				"rightDoor": {
					"rotation": {
						"5.44": [0, 0, 0],
						"5.88": [0, 1.22594, 0],
						"6.2": [0, 4.04159, 0],
						"6.48": [0, 7.87445, 0],
						"6.72": [0, 12.70907, 0],
						"6.96": [0, 19.23641, 0],
						"7.2": [0, 27.67506, 0],
						"7.64": [0, 47.39346, 0],
						"7.88": [0, 59.5676, 0],
						"8.08": [0, 67.38592, 0],
						"8.32": [0, 74.71808, 0],
						"8.6": [0, 80.89945, 0],
						"8.92": [0, 85.95841, 0],
						"9.36": [0, 89.27303, 0],
						"9.72": [0, 90, 0]
					}
				}
			}
		},
		"animation.universal.tram_tour.shrek_entrance.open.hold": {
			"loop": "hold_on_last_frame",
			"bones": {
				"bollards": {
					"position": [0, -21, 0]
				},
				"barrier1Arm": {
					"rotation": [-90, 0, 0]
				},
				"barrier1Arm2": {
					"rotation": [-90, 0, 0]
				},
				"leftDoor": {
					"rotation": [0, -90, 0]
				},
				"rightDoor": {
					"rotation": [0, 90, 0]
				}
			}
		},
		"animation.universal.tram_tour.shrek_entrance.close": {
			"loop": "hold_on_last_frame",
			"animation_length": 7.28,
			"bones": {
				"bollards": {
					"position": {
						"0.0": [0, -21, 0],
						"0.08": [0, -20.8, 0],
						"0.2": [0, -21, 0],
						"0.44": [0, -21, 0],
						"0.68": [0, -17.47, 0],
						"1.72": [0, 0, 0],
						"1.8": [0, -0.2, 0],
						"1.88": [0, 0, 0]
					}
				},
				"barrier1Arm": {
					"rotation": {
						"0.0": [-90, 0, 0],
						"3.88": [-90, 0, 0],
						"4.0": [-89.5, 0, 0],
						"4.08": [-89.67, 0, 0],
						"4.2": [-89.58, 0, 0],
						"4.32": [-89.61, 0, 0],
						"4.4": [-89.6, 0, 0],
						"6.28": [0, 0, 0],
						"6.36": [0.55, 0, 0],
						"6.44": [0.82, 0, 0],
						"6.52": [0.55, 0, 0],
						"6.6": [0, 0, 0],
						"6.68": [0.28, 0, 0],
						"6.76": [0, 0, 0],
						"6.84": [0.14, 0, 0],
						"6.92": [0, 0, 0],
						"7.0": [0.07, 0, 0],
						"7.08": [0, 0, 0]
					}
				},
				"barrier1Arm2": {
					"rotation": {
						"0.0": [-90, 0, 0],
						"4.08": [-90, 0, 0],
						"4.2": [-89.5, 0, 0],
						"4.28": [-89.67, 0, 0],
						"4.4": [-89.58, 0, 0],
						"4.52": [-89.61, 0, 0],
						"4.6": [-89.6, 0, 0],
						"6.48": [0, 0, 0],
						"6.56": [0.55, 0, 0],
						"6.64": [0.82, 0, 0],
						"6.72": [0.55, 0, 0],
						"6.8": [0, 0, 0],
						"6.88": [0.28, 0, 0],
						"6.96": [0, 0, 0],
						"7.04": [0.14, 0, 0],
						"7.12": [0, 0, 0],
						"7.2": [0.07, 0, 0],
						"7.28": [0, 0, 0]
					}
				},
				"leftDoor": {
					"rotation": {
						"0.0": [0, -90, 0],
						"0.12": [0, -89.58, 0],
						"0.32": [0, -88.1, 0],
						"0.6": [0, -83.55, 0],
						"0.84": [0, -78.25, 0],
						"1.72": [0, -51.35, 0],
						"3.2": [0, 0, 0],
						"3.24": [0, -0.19, 0],
						"3.28": [0, -0.75, 0],
						"3.36": [0, -0.6, 0],
						"3.4": [0, 0, 0]
					}
				},
				"rightDoor": {
					"rotation": {
						"0.0": [0, 90, 0],
						"0.08": [0, 89.58, 0],
						"0.28": [0, 88.1, 0],
						"0.6": [0, 83.18, 0],
						"0.84": [0, 78.25, 0],
						"1.64": [0, 51.35, 0],
						"3.16": [0, 0, 0],
						"3.2": [0, 0.56, 0],
						"3.24": [0, 0.75, 0],
						"3.28": [0, 0.6, 0],
						"3.36": [0, 0, 0]
					}
				}
			}
		}
	}
}