{
	"format_version": "1.8.0",
	"animations": {
		"animation.universal.tram.studio_doors.open": {
			"loop": "hold_on_last_frame",
			"animation_length": 4.36,
			"bones": {
				"leftDoor": {
					"rotation": {
						"0.12": [0, 0, 0],
						"0.52": [0, -1.22594, 0],
						"0.88": [0, -4.04159, 0],
						"1.16": [0, -7.87445, 0],
						"1.36": [0, -12.70907, 0],
						"1.6": [0, -19.23641, 0],
						"1.84": [0, -27.67506, 0],
						"2.28": [0, -47.39346, 0],
						"2.56": [0, -59.5676, 0],
						"2.76": [0, -67.38592, 0],
						"3.0": [0, -74.71808, 0],
						"3.24": [0, -80.89945, 0],
						"3.6": [0, -85.95841, 0],
						"4.04": [0, -89.27303, 0],
						"4.36": [0, -90, 0]
					}
				},
				"rightDoor": {
					"rotation": {
						"0.0": [0, 0, 0],
						"0.44": [0, 1.22594, 0],
						"0.76": [0, 4.04159, 0],
						"1.04": [0, 7.87445, 0],
						"1.28": [0, 12.70907, 0],
						"1.52": [0, 19.23641, 0],
						"1.76": [0, 27.67506, 0],
						"2.2": [0, 47.39346, 0],
						"2.44": [0, 59.5676, 0],
						"2.64": [0, 67.38592, 0],
						"2.88": [0, 74.71808, 0],
						"3.16": [0, 80.89945, 0],
						"3.48": [0, 85.95841, 0],
						"3.92": [0, 89.27303, 0],
						"4.28": [0, 90, 0]
					}
				}
			}
		},
		"animation.universal.tram.studio_doors.open.hold": {
			"loop": "hold_on_last_frame",
			"bones": {
				"leftDoor": {
					"rotation": [0, -90, 0]
				},
				"rightDoor": {
					"rotation": [0, 90, 0]
				}
			}
		},
		"animation.universal.tram.studio_doors.close": {
			"loop": "hold_on_last_frame",
			"animation_length": 3.4,
			"bones": {
				"leftDoor": {
					"rotation": {
						"0.0": [0, -90, 0],
						"0.12": [0, -89.58, 0],
						"0.32": [0, -88.1, 0],
						"0.6": [0, -83.55, 0],
						"0.84": [0, -78.25, 0],
						"1.72": [0, -51.35, 0],
						"3.2": [0, 0, 0],
						"3.24": [0, -0.19, 0],
						"3.28": [0, -0.75, 0],
						"3.36": [0, -0.6, 0],
						"3.4": [0, 0, 0]
					}
				},
				"rightDoor": {
					"rotation": {
						"0.0": [0, 90, 0],
						"0.08": [0, 89.58, 0],
						"0.28": [0, 88.1, 0],
						"0.6": [0, 83.18, 0],
						"0.84": [0, 78.25, 0],
						"1.64": [0, 51.35, 0],
						"3.16": [0, 0, 0],
						"3.2": [0, 0.56, 0],
						"3.24": [0, 0.75, 0],
						"3.28": [0, 0.6, 0],
						"3.36": [0, 0, 0]
					}
				}
			},
			"sound_effects": {
				"0.0": {
					"effect": "universal_tram_studio_doors_close"
				}
			}
		}
	}
}